target_cls,target_reg,target_risk
2,0.974,1
0,0.355,0
0,0.225,0
1,0.6483,0
1,0.616,0
0,0.2975,0
1,0.44,0
0,0.22,0
1,0.4667,0
2,0.76,0
2,0.786,0
0,0.3569,0
2,0.8092,0
1,0.555,0
0,0.1925,0
0,0.2625,0
1,0.4667,0
1,0.5211,0
3,1.0357,1
1,0.406,0
1,0.5763,0
1,0.695,0
1,0.686,0
1,0.535,0
0,0.3086,0
0,0.2875,0
1,0.6229,0
0,0.2342,0
1,0.7143,0
1,0.4163,0
1,0.4612,0
2,0.8266,0
2,0.7987,0
1,0.4,0
0,0.3442,0
1,0.575,0
0,0.305,0
0,0.285,0
0,0.2192,0
0,0.2417,0
0,0.29,0
0,0.2252,0
1,0.7142,0
0,0.3733,0
1,0.555,0
2,0.7929,0
1,0.5038,0
0,0.2397,0
1,0.5575,0
1,0.574,0
0,0.2525,0
1,0.5325,0
2,0.9,1
1,0.4676,0
1,0.485,0
1,0.53,0
1,0.7375,0
1,0.5183,0
1,0.576,0
2,0.8337,0
1,0.5838,0
0,0.1825,0
0,0.2324,0
2,0.9933,1
1,0.6805,0
1,0.5124,0
0,0.39,0
0,0.3366,0
1,0.44,0
1,0.4738,0
1,0.6512,0
0,0.142,0
1,0.6481,0
2,0.7952,0
1,0.4075,0
0,0.3812,0
2,0.95,1
1,0.5962,0
0,0.3111,0
2,0.7825,0
0,0.14,0
0,0.1814,0
1,0.435,0
2,0.788,0
2,0.922,1
1,0.6326,0
1,0.61,0
0,0.2762,0
0,0.2719,0
1,0.4708,0
1,0.616,0
0,0.365,0
0,0.2825,0
2,0.8966,0
1,0.4794,0
1,0.7375,0
1,0.47,0
1,0.4188,0
1,0.45,0
2,0.7617,0
0,0.17,0
1,0.47,0
0,0.226,0
1,0.62,0
2,0.9694,1
0,0.232,0
0,0.38,0
0,0.2325,0
0,0.3586,0
0,0.27,0
0,0.2888,0
2,0.7909,0
2,0.9225,1
0,0.2617,0
1,0.445,0
0,0.392,0
0,0.2571,0
2,0.7891,0
0,0.2033,0
1,0.5125,0
1,0.49,0
0,0.3314,0
1,0.4875,0
1,0.505,0
1,0.4117,0
2,0.8403,0
0,0.3887,0
1,0.436,0
1,0.52,0
0,0.3617,0
2,0.7877,0
1,0.5833,0
0,0.385,0
3,1.032,1
1,0.465,0
1,0.524,0
1,0.538,0
0,0.2875,0
0,0.2538,0
1,0.424,0
0,0.2425,0
1,0.46,0
1,0.4394,0
1,0.4575,0
1,0.6371,0
2,0.902,1
1,0.658,0
1,0.6517,0
0,0.31,0
1,0.5337,0
1,0.64,0
1,0.684,0
0,0.34,0
2,0.9225,1
0,0.1829,0
2,0.871,0
2,0.914,1
2,0.8117,0
0,0.28,0
1,0.5725,0
1,0.63,0
1,0.7286,0
1,0.692,0
1,0.6514,0
0,0.335,0
0,0.3548,0
1,0.63,0
2,0.7667,0
1,0.4776,0
1,0.585,0
2,0.856,0
0,0.2914,0
1,0.46,0
1,0.73,0
2,0.8875,0
2,0.754,0
0,0.219,0
1,0.7095,0
1,0.59,0
1,0.582,0
1,0.5976,0
2,0.7542,0
0,0.3829,0
0,0.2137,0
2,0.7742,0
0,0.265,0
0,0.378,0
2,0.835,0
0,0.2043,0
1,0.624,0
0,0.325,0
1,0.535,0
1,0.592,0
1,0.6117,0
1,0.451,0
1,0.5783,0
1,0.4238,0
0,0.3295,0
0,0.155,0
0,0.255,0
2,0.806,0
1,0.48,0
1,0.705,0
0,0.2905,0
2,0.88,0
2,0.908,1
2,0.792,0
1,0.5337,0
0,0.3825,0
1,0.449,0
3,1.1124,1
0,0.245,0
1,0.5543,0
2,0.8838,0
1,0.7217,0
0,0.3387,0
0,0.2913,0
0,0.385,0
0,0.202,0
1,0.606,0
0,0.2575,0
0,0.164,0
0,0.3058,0
1,0.7224,0
0,0.325,0
1,0.6186,0
2,0.9,1
1,0.518,0
1,0.49,0
1,0.5258,0
1,0.4858,0
0,0.385,0
0,0.3192,0
1,0.7,0
1,0.5075,0
3,1.0329,1
1,0.6133,0
2,0.8533,0
1,0.4075,0
2,0.9138,1
0,0.3833,0
0,0.175,0
1,0.5519,0
0,0.1846,0
1,0.7013,0
2,0.9062,1
1,0.6608,0
0,0.278,0
2,0.766,0
1,0.4967,0
2,0.8375,0
1,0.441,0
1,0.5012,0
0,0.1412,0
1,0.735,0
0,0.1705,0
2,0.755,0
1,0.6614,0
2,0.7757,0
1,0.4437,0
0,0.205,0
1,0.7167,0
0,0.3212,0
0,0.3781,0
1,0.4463,0
0,0.125,0
0,0.399,0
0,0.372,0
2,0.9589,1
2,0.8208,0
1,0.664,0
1,0.7425,0
1,0.7295,0
1,0.7026,0
1,0.5014,0
1,0.7137,0
1,0.7424,0
0,0.38,0
2,0.79,0
0,0.334,0
1,0.7449,0
1,0.4519,0
1,0.444,0
1,0.6271,0
1,0.5363,0
1,0.645,0
0,0.2087,0
0,0.3286,0
0,0.3775,0
1,0.4625,0
1,0.4971,0
1,0.5913,0
0,0.335,0
1,0.728,0
1,0.4314,0
1,0.6562,0
2,0.768,0
3,1.1225,1
1,0.712,0
1,0.59,0
2,0.795,0
1,0.46,0
1,0.648,0
2,0.794,0
0,0.2938,0
1,0.51,0
1,0.748,0
1,0.682,0
1,0.5537,0
1,0.41,0
2,0.8775,0
1,0.7414,0
2,0.8076,0
1,0.4462,0
1,0.655,0
0,0.3742,0
1,0.41,0
0,0.2162,0
1,0.6842,0
2,0.768,0
2,0.775,0
2,0.9414,1
1,0.6412,0
1,0.542,0
0,0.284,0
0,0.2497,0
0,0.345,0
0,0.27,0
0,0.2546,0
2,0.8077,0
0,0.3312,0
2,0.9443,1
1,0.514,0
2,0.8749,0
0,0.39,0
2,0.8986,0
3,1.0238,1
2,0.78,0
0,0.24,0
0,0.394,0
1,0.4833,0
0,0.275,0
1,0.576,0
1,0.7195,0
0,0.225,0
2,0.7883,0
2,0.9767,1
2,0.76,0
1,0.68,0
1,0.686,0
1,0.545,0
1,0.7225,0
1,0.58,0
1,0.6133,0
0,0.3738,0
1,0.6725,0
1,0.7,0
0,0.2,0
0,0.275,0
1,0.47,0
0,0.26,0
1,0.5786,0
1,0.4938,0
1,0.524,0
1,0.524,0
0,0.1676,0
1,0.745,0
0,0.158,0
0,0.152,0
1,0.54,0
1,0.46,0
1,0.4163,0
1,0.4,0
0,0.17,0
1,0.4825,0
0,0.3491,0
1,0.605,0
1,0.58,0
2,0.9106,1
1,0.4867,0
1,0.592,0
2,0.82,0
0,0.31,0
0,0.3848,0
1,0.628,0
0,0.2988,0
1,0.6425,0
1,0.4569,0
0,0.375,0
1,0.4113,0
1,0.6,0
1,0.43,0
1,0.4688,0
1,0.524,0
2,0.8619,0
1,0.6851,0
1,0.565,0
0,0.3738,0
0,0.1817,0
2,0.775,0
1,0.6,0
1,0.4975,0
1,0.5075,0
2,0.88,0
1,0.4487,0
1,0.43,0
1,0.4458,0
1,0.405,0
1,0.6571,0
1,0.404,0
2,0.936,1
1,0.604,0
0,0.3243,0
0,0.34,0
1,0.6437,0
2,0.9476,1
1,0.684,0
1,0.731,0
1,0.4658,0
1,0.5442,0
1,0.728,0
0,0.3543,0
1,0.6651,0
0,0.2963,0
0,0.2925,0
1,0.43,0
1,0.6857,0
0,0.395,0
0,0.235,0
2,0.8037,0
1,0.5376,0
1,0.542,0
1,0.695,0
1,0.7009,0
1,0.7023,0
1,0.7238,0
1,0.568,0
2,0.926,1
1,0.4792,0
2,0.8417,0
1,0.74,0
2,0.832,0
1,0.6267,0
1,0.74,0
2,0.765,0
1,0.5276,0
1,0.6454,0
1,0.7225,0
1,0.4925,0
1,0.535,0
0,0.265,0
1,0.5242,0
0,0.245,0
0,0.17,0
2,0.8519,0
1,0.62,0
0,0.21,0
1,0.435,0
0,0.36,0
1,0.684,0
2,0.7557,0
1,0.6029,0
0,0.13,0
1,0.7483,0
0,0.1533,0
0,0.2,0
0,0.3446,0
0,0.1467,0
1,0.5212,0
2,0.8469,0
1,0.474,0
1,0.64,0
1,0.4417,0
0,0.235,0
2,0.955,1
1,0.745,0
0,0.2503,0
1,0.6,0
1,0.4375,0
1,0.602,0
3,1.0805,1
2,0.7511,0
1,0.5709,0
1,0.54,0
1,0.42,0
2,0.759,0
2,0.7686,0
0,0.3831,0
0,0.22,0
1,0.6167,0
0,0.28,0
0,0.2313,0
0,0.365,0
1,0.715,0
1,0.4219,0
1,0.555,0
1,0.4143,0
0,0.2625,0
1,0.4823,0
0,0.3975,0
1,0.7476,0
1,0.415,0
1,0.664,0
2,0.8017,0
0,0.225,0
1,0.43,0
0,0.2387,0
1,0.73,0
0,0.3567,0
1,0.495,0
1,0.688,0
2,0.9651,1
0,0.3194,0
0,0.3529,0
1,0.734,0
2,0.8063,0
1,0.6538,0
2,0.9942,1
3,1.068,1
2,0.7597,0
0,0.29,0
0,0.2295,0
0,0.2576,0
1,0.668,0
1,0.4257,0
2,0.9577,1
3,1.0225,1
0,0.2842,0
1,0.6362,0
2,0.7781,0
1,0.695,0
2,0.91,1
1,0.5219,0
1,0.6243,0
1,0.5319,0
1,0.6875,0
1,0.4713,0
0,0.188,0
1,0.6023,0
1,0.495,0
2,0.8506,0
1,0.7467,0
2,0.7712,0
1,0.6581,0
1,0.6749,0
0,0.34,0
2,0.75,0
1,0.665,0
1,0.5463,0
0,0.256,0
2,0.8249,0
3,1.0381,1
2,0.93,1
1,0.55,0
1,0.5583,0
2,0.7848,0
2,0.8671,0
2,0.8323,0
0,0.24,0
2,0.856,0
0,0.31,0
1,0.5513,0
1,0.695,0
0,0.321,0
0,0.1397,0
1,0.7346,0
0,0.1817,0
1,0.488,0
0,0.196,0
1,0.43,0
1,0.516,0
1,0.57,0
1,0.47,0
1,0.5525,0
1,0.6125,0
0,0.195,0
0,0.3592,0
1,0.7363,0
0,0.34,0
0,0.3774,0
1,0.6786,0
0,0.156,0
1,0.406,0
0,0.375,0
1,0.4875,0
2,0.9262,1
1,0.5938,0
1,0.7267,0
0,0.2126,0
0,0.3738,0
1,0.458,0
0,0.306,0
1,0.725,0
0,0.1891,0
2,0.846,0
1,0.732,0
1,0.694,0
0,0.33,0
1,0.4575,0
0,0.2003,0
2,0.7995,0
2,0.9651,1
1,0.545,0
0,0.346,0
3,1.0471,1
2,0.8058,0
1,0.642,0
1,0.6742,0
0,0.1605,0
1,0.4897,0
0,0.2362,0
1,0.4375,0
1,0.4242,0
1,0.4869,0
1,0.62,0
0,0.1781,0
1,0.63,0
2,0.8081,0
0,0.265,0
1,0.589,0
1,0.6713,0
1,0.7092,0
0,0.3005,0
1,0.5566,0
0,0.2675,0
1,0.6571,0
1,0.69,0
0,0.3675,0
1,0.6476,0
1,0.6662,0
1,0.482,0
1,0.565,0
0,0.18,0
0,0.2333,0
1,0.4043,0
0,0.14,0
2,0.9225,1
0,0.2057,0
1,0.66,0
1,0.46,0
1,0.672,0
1,0.5057,0
0,0.3417,0
1,0.7158,0
1,0.698,0
1,0.6786,0
0,0.37,0
1,0.4612,0
1,0.4275,0
0,0.2525,0
0,0.392,0
1,0.6542,0
2,0.8175,0
0,0.318,0
0,0.235,0
0,0.3574,0
0,0.32,0
0,0.2126,0
1,0.692,0
1,0.5513,0
1,0.5954,0
2,0.7869,0
1,0.734,0
1,0.625,0
0,0.36,0
1,0.5838,0
2,0.8317,0
1,0.688,0
1,0.485,0
0,0.2167,0
2,0.8183,0
1,0.475,0
0,0.1986,0
1,0.7017,0
1,0.5075,0
2,0.7833,0
2,0.818,0
0,0.238,0
1,0.71,0
0,0.37,0
1,0.646,0
1,0.509,0
1,0.484,0
0,0.2929,0
1,0.7288,0
1,0.5233,0
1,0.606,0
0,0.3831,0
0,0.2433,0
1,0.4071,0
1,0.518,0
2,0.791,0
2,0.8117,0
1,0.41,0
1,0.4534,0
1,0.458,0
1,0.5725,0
1,0.495,0
2,0.89,0
1,0.535,0
0,0.3875,0
1,0.605,0
1,0.4333,0
1,0.46,0
1,0.596,0
1,0.4313,0
1,0.725,0
1,0.4654,0
1,0.46,0
1,0.5376,0
1,0.7331,0
1,0.4,0
1,0.7271,0
0,0.3962,0
0,0.2087,0
2,0.7619,0
1,0.4443,0
1,0.6851,0
0,0.3017,0
2,0.845,0
1,0.7214,0
1,0.5634,0
1,0.58,0
2,0.7562,0
0,0.17,0
1,0.608,0
2,0.766,0
0,0.23,0
0,0.374,0
1,0.42,0
0,0.28,0
0,0.225,0
1,0.7462,0
1,0.534,0
1,0.552,0
0,0.2258,0
1,0.6533,0
1,0.6312,0
2,0.7634,0
2,0.9914,1
0,0.2,0
0,0.1733,0
1,0.42,0
1,0.5333,0
2,0.8505,0
1,0.5743,0
1,0.58,0
0,0.22,0
1,0.48,0
1,0.7467,0
2,0.795,0
1,0.5794,0
0,0.165,0
2,0.7788,0
0,0.3248,0
0,0.398,0
1,0.404,0
0,0.2054,0
1,0.498,0
2,0.848,0
1,0.645,0
0,0.2913,0
2,0.8497,0
2,0.794,0
0,0.3989,0
0,0.1876,0
1,0.4589,0
0,0.188,0
1,0.4571,0
2,0.8283,0
2,0.845,0
1,0.4467,0
1,0.61,0
0,0.238,0
0,0.3671,0
1,0.4126,0
2,0.8833,0
0,0.285,0
1,0.682,0
1,0.485,0
0,0.1487,0
1,0.6806,0
1,0.502,0
1,0.7111,0
2,0.8297,0
1,0.6919,0
0,0.3158,0
1,0.43,0
0,0.3517,0
2,0.814,0
1,0.474,0
1,0.48,0
2,0.85,0
1,0.512,0
1,0.528,0
1,0.4471,0
0,0.2676,0
1,0.42,0
1,0.585,0
1,0.6367,0
0,0.2714,0
1,0.6075,0
1,0.695,0
0,0.354,0
1,0.719,0
0,0.33,0
0,0.2958,0
0,0.328,0
2,0.85,0
1,0.6409,0
1,0.4163,0
1,0.6689,0
1,0.684,0
2,0.75,0
1,0.7443,0
2,0.926,1
1,0.54,0
1,0.7034,0
0,0.18,0
0,0.32,0
2,0.8362,0
1,0.735,0
1,0.6488,0
2,0.7771,0
1,0.6325,0
1,0.5394,0
1,0.705,0
0,0.2057,0
2,0.8367,0
2,0.786,0
1,0.4992,0
1,0.632,0
2,0.83,0
0,0.282,0
2,0.7933,0
1,0.732,0
0,0.176,0
1,0.73,0
1,0.5797,0
1,0.54,0
1,0.6851,0
1,0.6809,0
0,0.3863,0
1,0.6367,0
1,0.746,0
1,0.405,0
0,0.3719,0
1,0.6481,0
1,0.64,0
2,0.8633,0
1,0.5163,0
2,0.76,0
1,0.635,0
0,0.1613,0
2,0.875,0
0,0.2737,0
2,0.8148,0
2,0.8423,0
1,0.6025,0
0,0.2775,0
0,0.376,0
1,0.5,0
0,0.2581,0
2,0.7648,0
0,0.205,0
1,0.729,0
0,0.228,0
0,0.29,0
1,0.64,0
1,0.4475,0
1,0.4625,0
1,0.4238,0
1,0.6108,0
0,0.208,0
1,0.615,0
0,0.2383,0
1,0.5754,0
0,0.3667,0
1,0.405,0
2,0.7817,0
1,0.6663,0
1,0.4075,0
0,0.199,0
1,0.6963,0
1,0.498,0
2,0.806,0
1,0.7,0
1,0.6752,0
1,0.59,0
1,0.62,0
0,0.33,0
1,0.6583,0
1,0.4311,0
2,0.7812,0
1,0.576,0
2,0.799,0
2,0.7543,0
2,0.7725,0
0,0.38,0
0,0.3158,0
2,0.808,0
2,0.8892,0
1,0.735,0
1,0.665,0
0,0.335,0
0,0.1825,0
0,0.195,0
0,0.2387,0
1,0.42,0
1,0.7289,0
1,0.6771,0
2,0.854,0
1,0.7375,0
1,0.421,0
1,0.7329,0
2,0.898,0
2,0.764,0
1,0.7283,0
1,0.6929,0
0,0.1958,0
1,0.5391,0
2,0.8152,0
2,0.8354,0
1,0.46,0
0,0.238,0
1,0.6906,0
0,0.39,0
1,0.535,0
0,0.255,0
0,0.295,0
1,0.7167,0
1,0.605,0
0,0.325,0
0,0.1976,0
2,0.81,0
1,0.4325,0
1,0.5487,0
1,0.4005,0
1,0.535,0
0,0.2529,0
1,0.6924,0
2,0.7757,0
0,0.1931,0
0,0.36,0
1,0.6877,0
1,0.5833,0
1,0.74,0
2,0.872,0
1,0.52,0
2,0.8606,0
2,0.9558,1
1,0.7133,0
0,0.1688,0
0,0.3169,0
1,0.44,0
0,0.3866,0
1,0.4051,0
0,0.2517,0
1,0.4933,0
1,0.69,0
1,0.51,0
1,0.5538,0
0,0.1963,0
1,0.564,0
0,0.245,0
1,0.6223,0
0,0.3125,0
0,0.3826,0
1,0.696,0
0,0.3751,0
0,0.1883,0
2,0.8919,0
0,0.2592,0
1,0.5475,0
1,0.6825,0
1,0.4658,0
1,0.7058,0
2,0.834,0
2,0.8237,0
2,0.8275,0
1,0.555,0
1,0.72,0
0,0.2057,0
1,0.628,0
1,0.702,0
1,0.5783,0
1,0.4981,0
0,0.3592,0
0,0.3549,0
1,0.545,0
1,0.58,0
1,0.7257,0
0,0.335,0
2,0.9625,1
0,0.195,0
1,0.542,0
1,0.6314,0
1,0.6524,0
1,0.595,0
1,0.44,0
0,0.2817,0
2,0.765,0
2,0.9667,1
3,1.0424,1
2,0.868,0
1,0.5267,0
2,0.762,0
1,0.51,0
1,0.4625,0
1,0.586,0
1,0.466,0
1,0.684,0
0,0.3962,0
0,0.3776,0
2,0.9524,1
0,0.2109,0
1,0.595,0
1,0.6717,0
1,0.405,0
1,0.6638,0
0,0.1929,0
1,0.415,0
0,0.335,0
1,0.5092,0
0,0.355,0
1,0.6363,0
0,0.372,0
0,0.374,0
1,0.405,0
1,0.595,0
0,0.3837,0
1,0.63,0
1,0.68,0
1,0.5375,0
0,0.22,0
1,0.5725,0
2,0.9225,1
0,0.13,0
1,0.4391,0
1,0.5952,0
1,0.5943,0
1,0.6692,0
1,0.7225,0
1,0.435,0
1,0.6075,0
2,0.864,0
1,0.65,0
1,0.6175,0
1,0.4467,0
1,0.4614,0
1,0.68,0
1,0.7371,0
2,0.86,0
1,0.4117,0
0,0.2449,0
0,0.3271,0
0,0.2462,0
2,0.9495,1
1,0.6425,0
0,0.286,0
2,0.776,0
0,0.378,0
1,0.4,0
1,0.5186,0
1,0.5238,0
1,0.528,0
0,0.1938,0
0,0.1991,0
0,0.394,0
0,0.3,0
1,0.42,0
0,0.3638,0
1,0.42,0
1,0.6166,0
1,0.505,0
0,0.2125,0
2,0.8457,0
0,0.18,0
1,0.705,0
1,0.575,0
1,0.7331,0
1,0.4483,0
0,0.21,0
3,1.0086,1
3,1.0533,1
1,0.6381,0
1,0.462,0
2,0.9075,1
2,0.7792,0
2,0.9495,1
1,0.5695,0
2,0.7808,0
2,0.9677,1
1,0.415,0
0,0.1842,0
1,0.4476,0
2,0.8,0
1,0.565,0
2,0.7726,0
0,0.2812,0
1,0.4483,0
1,0.6025,0
2,0.8614,0
2,0.789,0
1,0.566,0
2,0.8762,0
0,0.145,0
2,0.76,0
1,0.4614,0
0,0.1737,0
2,0.7775,0
1,0.4783,0
1,0.4434,0
0,0.1625,0
1,0.63,0
0,0.3887,0
1,0.6412,0
1,0.4175,0
0,0.26,0
0,0.2838,0
1,0.4975,0
1,0.7048,0
0,0.1906,0
0,0.2362,0
0,0.1908,0
2,0.875,0
0,0.264,0
1,0.588,0
1,0.7325,0
0,0.1642,0
2,0.9242,1
2,0.8186,0
1,0.4025,0
1,0.7334,0
1,0.61,0
0,0.3842,0
2,0.9933,1
2,0.8271,0
1,0.55,0
2,0.8467,0
2,0.875,0
1,0.734,0
1,0.515,0
3,1.085,1
0,0.255,0
1,0.4925,0
0,0.2824,0
0,0.335,0
0,0.28,0
1,0.6534,0
1,0.468,0
1,0.6531,0
0,0.3105,0
2,0.82,0
0,0.19,0
1,0.536,0
0,0.305,0
2,0.7943,0
2,0.8583,0
2,0.9805,1
1,0.6758,0
1,0.65,0
0,0.355,0
1,0.6175,0
1,0.4788,0
0,0.384,0
1,0.512,0
2,0.7991,0
1,0.648,0
1,0.6483,0
1,0.476,0
2,0.8695,0
2,0.8612,0
0,0.1814,0
1,0.574,0
1,0.59,0
2,0.778,0
1,0.7229,0
1,0.4263,0
1,0.72,0
0,0.3671,0
0,0.395,0
2,0.784,0
1,0.635,0
1,0.53,0
1,0.625,0
2,0.8583,0
2,0.8548,0
1,0.7333,0
0,0.33,0
0,0.185,0
0,0.2129,0
0,0.38,0
2,0.842,0
0,0.1617,0
1,0.5986,0
1,0.6914,0
2,0.7738,0
1,0.6,0
1,0.7266,0
1,0.4505,0
1,0.6043,0
1,0.5809,0
1,0.74,0
1,0.694,0
1,0.6546,0
1,0.5067,0
2,0.8486,0
2,0.7933,0
1,0.5487,0
0,0.178,0
0,0.195,0
1,0.56,0
0,0.245,0
0,0.24,0
1,0.596,0
1,0.576,0
0,0.3625,0
2,0.79,0
1,0.7388,0
1,0.4175,0
2,0.8008,0
0,0.3248,0
0,0.2623,0
0,0.1443,0
1,0.4612,0
2,0.7717,0
0,0.324,0
2,0.8333,0
0,0.3588,0
1,0.5117,0
0,0.245,0
1,0.7338,0
1,0.42,0
1,0.465,0
2,0.7646,0
2,0.8833,0
2,0.8163,0
1,0.5143,0
2,0.7743,0
0,0.1937,0
1,0.742,0
1,0.732,0
1,0.7325,0
1,0.5025,0
0,0.2833,0
0,0.3791,0
1,0.4683,0
3,1.0274,1
1,0.6657,0
0,0.38,0
1,0.6542,0
2,0.8034,0
0,0.275,0
1,0.6275,0
0,0.2633,0
1,0.4019,0
2,0.8462,0
1,0.6,0
2,0.8014,0
0,0.26,0
0,0.315,0
0,0.3837,0
1,0.7234,0
2,0.8762,0
2,0.8329,0
1,0.4175,0
1,0.6424,0
1,0.595,0
1,0.6092,0
0,0.1771,0
1,0.704,0
0,0.215,0
1,0.4242,0
2,0.8494,0
0,0.2,0
1,0.48,0
1,0.405,0
0,0.2923,0
0,0.2152,0
1,0.635,0
1,0.4012,0
0,0.15,0
1,0.69,0
0,0.3167,0
1,0.5083,0
2,0.8458,0
1,0.405,0
1,0.5419,0
1,0.4462,0
1,0.65,0
1,0.4138,0
2,0.83,0
0,0.2669,0
1,0.545,0
1,0.7205,0
2,0.985,1
1,0.7342,0
0,0.318,0
0,0.2983,0
0,0.3688,0
1,0.6442,0
0,0.289,0
1,0.464,0
0,0.2687,0
1,0.7495,0
1,0.69,0
2,0.785,0
0,0.199,0
1,0.494,0
1,0.6995,0
1,0.425,0
1,0.5642,0
1,0.68,0
1,0.6875,0
0,0.14,0
1,0.4123,0
2,0.8146,0
0,0.225,0
0,0.3091,0
1,0.6333,0
2,0.865,0
1,0.686,0
1,0.4575,0
0,0.1614,0
1,0.545,0
0,0.195,0
1,0.435,0
0,0.286,0
0,0.245,0
2,0.7948,0
0,0.3974,0
0,0.2,0
1,0.4171,0
1,0.5043,0
2,0.8333,0
0,0.2062,0
0,0.38,0
1,0.6312,0
0,0.2457,0
0,0.2642,0
1,0.6188,0
3,1.0306,1
1,0.498,0
0,0.3311,0
1,0.6438,0
2,0.8075,0
1,0.6,0
1,0.436,0
1,0.74,0
1,0.4414,0
1,0.602,0
0,0.1888,0
1,0.515,0
1,0.43,0
1,0.728,0
1,0.4387,0
1,0.6529,0
1,0.5857,0
2,0.7683,0
3,1.0542,1
2,0.8792,0
1,0.4938,0
1,0.49,0
1,0.4612,0
1,0.5012,0
1,0.4886,0
1,0.59,0
0,0.16,0
1,0.5837,0
0,0.24,0
0,0.235,0
2,0.8091,0
3,1.0286,1
2,0.784,0
2,0.806,0
0,0.32,0
0,0.235,0
1,0.4913,0
2,0.9343,1
1,0.686,0
0,0.355,0
1,0.45,0
2,0.7654,0
1,0.4425,0
0,0.1675,0
0,0.355,0
0,0.2062,0
2,0.7954,0
1,0.4308,0
0,0.3629,0
2,0.8187,0
0,0.1588,0
1,0.405,0
0,0.1638,0
1,0.475,0
1,0.4175,0
0,0.385,0
0,0.158,0
1,0.5805,0
1,0.6071,0
1,0.4537,0
0,0.2562,0
0,0.3424,0
0,0.2667,0
1,0.6862,0
0,0.3154,0
2,0.8029,0
0,0.365,0
1,0.648,0
0,0.358,0
1,0.4133,0
1,0.6887,0
1,0.546,0
2,0.8594,0
0,0.21,0
2,0.854,0
1,0.5675,0
0,0.2542,0
0,0.3925,0
2,0.896,0
2,0.805,0
0,0.3237,0
0,0.3513,0
1,0.708,0
2,0.8097,0
2,0.8767,0
2,0.8512,0
1,0.42,0
0,0.38,0
0,0.3758,0
1,0.4931,0
1,0.61,0
0,0.2226,0
1,0.4554,0
1,0.45,0
1,0.5014,0
1,0.4592,0
1,0.5638,0
0,0.22,0
0,0.215,0
2,0.752,0
0,0.195,0
1,0.7243,0
1,0.5587,0
2,0.7933,0
2,0.876,0
1,0.64,0
1,0.444,0
1,0.4048,0
1,0.4303,0
2,0.9,1
2,0.9267,1
2,0.818,0
0,0.3746,0
0,0.34,0
2,0.8125,0
0,0.315,0
1,0.435,0
1,0.4975,0
1,0.636,0
2,0.89,0
1,0.6913,0
2,0.7642,0
0,0.37,0
1,0.574,0
0,0.2503,0
0,0.33,0
0,0.2733,0
2,0.8413,0
1,0.67,0
1,0.7023,0
0,0.19,0
0,0.23,0
1,0.411,0
1,0.5324,0
1,0.732,0
2,0.825,0
2,0.9911,1
2,0.825,0
0,0.2112,0
1,0.515,0
0,0.3111,0
2,0.8043,0
2,0.8471,0
1,0.73,0
2,0.7524,0
1,0.44,0
2,0.8367,0
0,0.308,0
2,0.802,0
1,0.41,0
1,0.5143,0
0,0.2724,0
1,0.434,0
2,0.9323,1
2,0.9717,1
1,0.664,0
1,0.4725,0
0,0.25,0
0,0.2137,0
1,0.696,0
1,0.6808,0
1,0.655,0
1,0.4657,0
1,0.4675,0
1,0.616,0
1,0.4943,0
0,0.34,0
1,0.6266,0
0,0.25,0
1,0.56,0
0,0.2589,0
1,0.5138,0
0,0.2575,0
2,0.904,1
0,0.3625,0
1,0.614,0
1,0.45,0
0,0.3212,0
1,0.67,0
2,0.926,1
1,0.4019,0
0,0.2019,0
2,0.9205,1
1,0.65,0
1,0.676,0
2,0.772,0
1,0.655,0
0,0.3077,0
0,0.2929,0
0,0.1688,0
1,0.486,0
2,0.9438,1
0,0.1363,0
1,0.51,0
0,0.37,0
1,0.714,0
2,0.7638,0
1,0.4746,0
0,0.2348,0
0,0.378,0
1,0.7246,0
0,0.266,0
1,0.406,0
1,0.5476,0
1,0.7009,0
1,0.59,0
1,0.689,0
0,0.2712,0
0,0.2314,0
1,0.52,0
1,0.4713,0
1,0.4325,0
1,0.585,0
1,0.608,0
1,0.694,0
1,0.478,0
0,0.3031,0
1,0.51,0
1,0.69,0
1,0.502,0
1,0.49,0
1,0.606,0
0,0.3733,0
0,0.2,0
0,0.188,0
1,0.65,0
2,0.852,0
1,0.5697,0
0,0.1575,0
1,0.6614,0
1,0.62,0
1,0.644,0
1,0.4333,0
1,0.63,0
1,0.534,0
0,0.265,0
1,0.435,0
0,0.3817,0
1,0.454,0
1,0.646,0
0,0.1886,0
0,0.3162,0
0,0.1562,0
1,0.674,0
1,0.598,0
1,0.425,0
2,0.8551,0
1,0.59,0
2,0.8,0
1,0.74,0
1,0.7133,0
1,0.5176,0
1,0.7414,0
0,0.225,0
1,0.45,0
1,0.4876,0
1,0.7267,0
1,0.435,0
